{"network":{"id":1,"name":"DLCNet","status":3,"path":"/home/user/.polar/networks/1","nodes":{"bitcoin":[{"id":0,"networkId":1,"name":"backend1","type":"bitcoin","implementation":"bitcoind","version":"0.21.1","peers":[],"status":3,"ports":{"rpc":18443,"p2p":19444,"zmqBlock":28334,"zmqTx":29335},"docker":{"image":"","command":""}}],"lightning":[{"id":0,"networkId":1,"name":"alice","type":"lightning","implementation":"c-lightning","version":"0.10.0","status":3,"backendName":"backend1","paths":{"macaroon":"/home/user/.polar/networks/1/volumes/c-lightning/alice/rest-api/access.macaroon"},"ports":{"rest":8181,"p2p":9835},"docker":{"image":"","command":""}},{"id":1,"networkId":1,"name":"bob","type":"lightning","implementation":"c-lightning","version":"0.10.0","status":3,"backendName":"backend1","paths":{"macaroon":"/home/user/.polar/networks/1/volumes/c-lightning/bob/rest-api/access.macaroon"},"ports":{"rest":8182,"p2p":9836},"docker":{"image":"","command":""}},{"id":2,"networkId":1,"name":"carol","type":"lightning","implementation":"c-lightning","version":"0.10.0","status":3,"backendName":"backend1","paths":{"macaroon":"/home/user/.polar/networks/1/volumes/c-lightning/carol/rest-api/access.macaroon"},"ports":{"rest":8183,"p2p":9837},"docker":{"image":"","command":""}},{"id":3,"networkId":1,"name":"dave","type":"lightning","implementation":"c-lightning","version":"0.10.0","status":3,"backendName":"backend1","paths":{"macaroon":"/home/user/.polar/networks/1/volumes/c-lightning/dave/rest-api/access.macaroon"},"ports":{"rest":8184,"p2p":9838},"docker":{"image":"","command":""}},{"id":4,"networkId":1,"name":"erin","type":"lightning","implementation":"c-lightning","version":"0.10.0","status":3,"backendName":"backend1","paths":{"macaroon":"/home/user/.polar/networks/1/volumes/c-lightning/erin/rest-api/access.macaroon"},"ports":{"rest":8185,"p2p":9839},"docker":{"image":"","command":""}}]}},"chart":{"offset":{"x":0,"y":0},"nodes":{"backend1":{"id":"backend1","type":"bitcoin","position":{"x":440,"y":440},"ports":{"backend":{"id":"backend","type":"top","position":{"x":100,"y":0}},"peer-left":{"id":"peer-left","type":"left","position":{"x":0,"y":22}},"peer-right":{"id":"peer-right","type":"right","position":{"x":200,"y":22}}},"size":{"width":200,"height":43},"properties":{"status":3,"icon":"./static/media/bitcoin.c9f33461.svg"}},"alice":{"id":"alice","type":"lightning","position":{"x":50,"y":100},"ports":{"empty-left":{"id":"empty-left","type":"left","position":{"x":0,"y":31}},"empty-right":{"id":"empty-right","type":"right","position":{"x":200,"y":19}},"backend":{"id":"backend","type":"bottom","position":{"x":100,"y":61}},"fe82dee80eb1":{"id":"fe82dee80eb1","type":"right","properties":{"nodeId":"alice","initiator":true},"position":{"x":200,"y":43}}},"size":{"width":200,"height":61},"properties":{"status":3,"icon":"./static/media/clightning.fb8d2dc7.png"}},"bob":{"id":"bob","type":"lightning","position":{"x":300,"y":200},"ports":{"empty-left":{"id":"empty-left","type":"left","position":{"x":0,"y":19}},"empty-right":{"id":"empty-right","type":"right","position":{"x":200,"y":19}},"backend":{"id":"backend","type":"bottom","position":{"x":100,"y":61}},"fe82dee80eb1":{"id":"fe82dee80eb1","type":"left","properties":{"nodeId":"bob"},"position":{"x":0,"y":43}},"b1b6c170b35f":{"id":"b1b6c170b35f","type":"right","properties":{"nodeId":"bob","initiator":true},"position":{"x":200,"y":43}}},"size":{"width":200,"height":61},"properties":{"status":3,"icon":"./static/media/clightning.fb8d2dc7.png"}},"carol":{"id":"carol","type":"lightning","position":{"x":550,"y":100},"ports":{"empty-left":{"id":"empty-left","type":"left","position":{"x":0,"y":19}},"empty-right":{"id":"empty-right","type":"right","position":{"x":200,"y":19}},"backend":{"id":"backend","type":"bottom","position":{"x":100,"y":61}},"b1b6c170b35f":{"id":"b1b6c170b35f","type":"left","properties":{"nodeId":"carol"},"position":{"x":0,"y":43}},"b89c185c93f2":{"id":"b89c185c93f2","type":"right","properties":{"nodeId":"carol","initiator":true},"position":{"x":200,"y":43}}},"size":{"width":200,"height":61},"properties":{"status":3,"icon":"./static/media/clightning.fb8d2dc7.png"}},"dave":{"id":"dave","type":"lightning","position":{"x":800,"y":200},"ports":{"empty-left":{"id":"empty-left","type":"left","position":{"x":0,"y":19}},"empty-right":{"id":"empty-right","type":"right","position":{"x":200,"y":19}},"backend":{"id":"backend","type":"bottom","position":{"x":100,"y":61}},"b89c185c93f2":{"id":"b89c185c93f2","type":"left","properties":{"nodeId":"dave"},"position":{"x":0,"y":43}},"fcba2c13f958":{"id":"fcba2c13f958","type":"right","properties":{"nodeId":"dave","initiator":true},"position":{"x":200,"y":43}}},"size":{"width":200,"height":61},"properties":{"status":3,"icon":"./static/media/clightning.fb8d2dc7.png"}},"erin":{"id":"erin","type":"lightning","position":{"x":1050,"y":100},"ports":{"empty-left":{"id":"empty-left","type":"left","position":{"x":0,"y":19}},"empty-right":{"id":"empty-right","type":"right","position":{"x":200,"y":31}},"backend":{"id":"backend","type":"bottom","position":{"x":100,"y":61}},"fcba2c13f958":{"id":"fcba2c13f958","type":"left","properties":{"nodeId":"erin"},"position":{"x":0,"y":43}}},"size":{"width":200,"height":61},"properties":{"status":3,"icon":"./static/media/clightning.fb8d2dc7.png"}}},"links":{"alice-backend1":{"id":"alice-backend1","from":{"nodeId":"alice","portId":"backend"},"to":{"nodeId":"backend1","portId":"backend"},"properties":{"type":"backend"}},"bob-backend1":{"id":"bob-backend1","from":{"nodeId":"bob","portId":"backend"},"to":{"nodeId":"backend1","portId":"backend"},"properties":{"type":"backend"}},"carol-backend1":{"id":"carol-backend1","from":{"nodeId":"carol","portId":"backend"},"to":{"nodeId":"backend1","portId":"backend"},"properties":{"type":"backend"}},"dave-backend1":{"id":"dave-backend1","from":{"nodeId":"dave","portId":"backend"},"to":{"nodeId":"backend1","portId":"backend"},"properties":{"type":"backend"}},"erin-backend1":{"id":"erin-backend1","from":{"nodeId":"erin","portId":"backend"},"to":{"nodeId":"backend1","portId":"backend"},"properties":{"type":"backend"}},"fe82dee80eb1":{"id":"fe82dee80eb1","from":{"nodeId":"alice","portId":"fe82dee80eb1"},"to":{"nodeId":"bob","portId":"fe82dee80eb1"},"properties":{"type":"open-channel","channelPoint":"b10ee8de82fecabbe5ab3c1b83da44e0b8c804d08faa2e7106c8ff95cc676cb3","capacity":"250000","fromBalance":"124996","toBalance":"125004","direction":"ltr","status":"Open","isPrivate":false}},"b1b6c170b35f":{"id":"b1b6c170b35f","from":{"nodeId":"bob","portId":"b1b6c170b35f"},"to":{"nodeId":"carol","portId":"b1b6c170b35f"},"properties":{"type":"open-channel","channelPoint":"5fb370c1b6b146b0bfa1b95ac9ecd586caddb5c4ca6c8c756b3931b77088dfa3","capacity":"250000","fromBalance":"124997","toBalance":"125003","direction":"ltr","status":"Open","isPrivate":false}},"b89c185c93f2":{"id":"b89c185c93f2","from":{"nodeId":"carol","portId":"b89c185c93f2"},"to":{"nodeId":"dave","portId":"b89c185c93f2"},"properties":{"type":"open-channel","channelPoint":"f2935c189cb81cd987f74b91944739030daad34427a5f3051e9bcaf8db59844e","capacity":"250000","fromBalance":"124999","toBalance":"125001","direction":"ltr","status":"Open","isPrivate":false}},"fcba2c13f958":{"id":"fcba2c13f958","from":{"nodeId":"dave","portId":"fcba2c13f958"},"to":{"nodeId":"erin","portId":"fcba2c13f958"},"properties":{"type":"open-channel","channelPoint":"58f9132cbafc2d95c2cfff10078d46ec56cf6741a5e10b4cdd5986af6728ca51","capacity":"250000","fromBalance":"125000","toBalance":"125000","direction":"ltr","status":"Open","isPrivate":false}}},"selected":{"type":"node","id":"alice"},"hovered":{},"scale":1}}